{
    "train_loss": [
        0.38919533352204755,
        0.3180691637723008,
        0.30039578964777697,
        0.2920438200188256,
        0.3150993733090613,
        0.2879056652917765,
        0.28546671279380115,
        0.27034584744714163,
        0.26916746157767685
    ],
    "train_acc": [
        0.8373379702813785,
        0.8624723363895036,
        0.874328169459374,
        0.8811255137527664,
        0.8713246917483402,
        0.881915902624091,
        0.8815207081884288,
        0.8893455580145432,
        0.8932975023711666
    ],
    "val_loss": [
        0.3688901267865344,
        0.2914976002640395,
        0.30968907832537573,
        0.26502482502427027,
        0.2800210070232276,
        0.4171510713186428,
        0.2867090381398196,
        0.31735205739081684,
        0.4314773908357438
    ],
    "val_acc": [
        0.8473400154202004,
        0.874325366229761,
        0.8704703161141095,
        0.8885890516576715,
        0.8750963762528913,
        0.8091750192752506,
        0.8804934464148034,
        0.8643022359290671,
        0.8654587509637626
    ]
}