{
    "train_loss": [
        0.7634644855190074,
        0.7100319205365854,
        0.7009807318474868,
        0.6671758274790297,
        0.6333564009790887,
        0.6090961267972964,
        0.5395033577799111,
        0.4769044396516926,
        0.4452711008110229,
        0.40606067766998877,
        0.3765142148405109,
        0.3527219579919678,
        0.3335448781438574,
        0.2907445934643498,
        0.2608348155488335,
        0.23287774937898967,
        0.1944643252962519,
        0.15275114462770029,
        0.09638339123176605,
        0.06946111360388153,
        0.03432496990161129,
        0.01912281024552835,
        0.013245176085982706,
        0.007763243889165754,
        0.003451247075837695,
        0.003018950835236905,
        0.002548623875753977,
        0.0016961399375332612,
        0.0018652449963745198,
        0.002044508144296572
    ],
    "train_acc": [
        0.6737364976740519,
        0.682882598754238,
        0.6850902783253173,
        0.7115824331782701,
        0.7385476622250257,
        0.7469053063155405,
        0.7812820310652054,
        0.809587636994402,
        0.821335646140503,
        0.8410470708822834,
        0.8546873768035954,
        0.8669084601434992,
        0.8750295671371127,
        0.8914294725222739,
        0.9057005440353229,
        0.9125601198454625,
        0.9287234881337223,
        0.9447291650240479,
        0.9677521091224474,
        0.9755578333201924,
        0.9897500591342743,
        0.9951115666640384,
        0.9968461720413151,
        0.998659623117559,
        0.9998423086020658,
        0.9997634629030986,
        0.9999211543010329,
        1.0,
        0.9998423086020658,
        0.9999211543010329
    ],
    "val_loss": [
        1.001786544308632,
        0.7152784021892569,
        0.8509595301961236,
        0.955854279268778,
        0.803524138816807,
        0.7317598999016987,
        0.493963205766203,
        0.595551409978071,
        0.4775423717337504,
        0.4337996930746332,
        0.40030986731413476,
        0.4949890781349367,
        0.49698794660869283,
        0.33319012493690303,
        0.925621627081341,
        1.0115207320583892,
        0.33791028744618457,
        0.4004157858934675,
        0.38547823232889444,
        0.4025188271111673,
        0.43175253534408853,
        0.4498763871524442,
        0.43785253485223036,
        0.42325832399937585,
        0.4289014735971345,
        0.43423973514437003,
        0.43839454716396975,
        0.4376174883650282,
        0.4414208487980978,
        0.4379141722819448
    ],
    "val_acc": [
        0.626456219466366,
        0.6685456595264938,
        0.7095077038707253,
        0.7185268695978956,
        0.7189026681698609,
        0.7440811724915445,
        0.8042089440060127,
        0.7493423524990604,
        0.8068395340097707,
        0.8214956783164225,
        0.8526869597895528,
        0.8060879368658399,
        0.8290116497557309,
        0.8767380683953401,
        0.7737692596768132,
        0.8042089440060127,
        0.8880120255543029,
        0.8669673055242391,
        0.8771138669673055,
        0.8887636226982337,
        0.8928974069898534,
        0.882750845546787,
        0.8902668169860954,
        0.8932732055618189,
        0.8962795941375423,
        0.8977827884254039,
        0.8974069898534386,
        0.8966553927095077,
        0.8962795941375423,
        0.8962795941375423
    ]
}