{
    "train_loss": [
        0.6947691064256395,
        0.6295374257164468,
        0.6232315803410647,
        0.5916593582890567,
        0.5582156281354673,
        0.5275301728518846,
        0.4849786616437188,
        0.45596776660197613,
        0.41676806801745847,
        0.3797897851586361,
        0.3546179931614963,
        0.3252040498605662,
        0.29230134988478357,
        0.2641974839734206,
        0.2364243989114554,
        0.20217539592193487,
        0.16413947276429233,
        0.1346761404930987,
        0.08242234286050378,
        0.04799587106393394,
        0.028797165964553992,
        0.015587023361940141,
        0.008289579218092334,
        0.00435792570589573,
        0.003672470283197929,
        0.0026668545657393006
    ],
    "train_acc": [
        0.700428639466582,
        0.7264645181774885,
        0.7372598825210351,
        0.752738529925385,
        0.7702809969836482,
        0.7848864899190348,
        0.8021908239403079,
        0.8148912525797746,
        0.8334656294649945,
        0.8502936974122877,
        0.8622003492617876,
        0.8764089538021909,
        0.8871249404667407,
        0.9030004762660739,
        0.9133195745356406,
        0.9255437371011271,
        0.9420542943324337,
        0.951262105096047,
        0.9734084775361168,
        0.9853151293856167,
        0.9921416097793301,
        0.9960311160501667,
        0.9981743133830767,
        0.99976186696301,
        0.99976186696301,
        0.9999206223210033
    ],
    "val_loss": [
        0.6330819450434454,
        0.6931433420840317,
        0.6451339735776869,
        0.5619263870136348,
        0.6461411201768863,
        0.599045168600167,
        0.5183832916126195,
        0.42571676253215174,
        0.47424423421477707,
        0.443026256402686,
        0.5712508071112087,
        0.4995245977696541,
        0.5186298048372896,
        0.41849743605144624,
        0.34885534064820845,
        0.3443937417111481,
        0.4262186230297275,
        0.5307652176057002,
        0.38186653587053043,
        0.4080901719293855,
        0.35694346926329934,
        0.38384073247123957,
        0.4205269431364939,
        0.3894821035359757,
        0.38567945425221745,
        0.40994926605646204
    ],
    "val_acc": [
        0.7232076866223208,
        0.6844050258684405,
        0.7317073170731707,
        0.7697708795269771,
        0.7609016999260901,
        0.7435328898743533,
        0.7934220251293422,
        0.8211382113821138,
        0.8052475979305248,
        0.8211382113821138,
        0.7801182557280119,
        0.8181818181818182,
        0.8281596452328159,
        0.8536585365853658,
        0.8706577974870657,
        0.8843311160384331,
        0.8640059127864006,
        0.8481152993348116,
        0.876940133037694,
        0.885439763488544,
        0.9009608277900961,
        0.8987435328898744,
        0.8976348854397634,
        0.9002217294900222,
        0.8976348854397634,
        0.8994826311899483
    ]
}