{
    "train_loss": [
        1.0543259412367545,
        0.9865074149190423,
        0.9314701561326918,
        0.9133778944145075,
        0.8829565478038015,
        0.8311858746048075,
        0.7900609855865535,
        0.7456474847962552,
        0.7057992905525151,
        0.6906660891916611,
        0.6390232807423416,
        0.6103562598347417,
        0.574581414795009,
        0.5449592493144162,
        0.5197672940732639
    ],
    "train_acc": [
        0.6287938979818847,
        0.670348005720642,
        0.7001430160495788,
        0.7090417924678214,
        0.7193707293818529,
        0.7436834578102653,
        0.749801366597807,
        0.761322103924996,
        0.7710948673128873,
        0.7801525504528841,
        0.7932623549976164,
        0.7979501032893691,
        0.809868107420944,
        0.8190846972826951,
        0.8279040203400604
    ],
    "val_loss": [
        0.9363428300077264,
        1.1109523156476093,
        0.8050867543340346,
        0.7536139893514178,
        0.8227275417455461,
        0.6753484011577485,
        0.615575018452435,
        0.8464024666936328,
        0.5540023832213676,
        1.2106615900112274,
        1.340820538627599,
        0.6301160554972209,
        1.0407978437692258,
        1.299583125757625,
        0.6100040051730932
    ],
    "val_acc": [
        0.6127124907612712,
        0.6770140428677014,
        0.6644493717664449,
        0.7006651884700665,
        0.6892091648189209,
        0.7365114560236512,
        0.7738359201773836,
        0.6844050258684405,
        0.7808573540280858,
        0.6537324464153732,
        0.6784922394678492,
        0.7479674796747967,
        0.6966001478196601,
        0.6818181818181818,
        0.7609016999260901
    ]
}