{
    "train_loss": [
        0.5910186947447342,
        0.4442815406767959,
        0.41012203366911715,
        0.3605783659089716,
        0.3525547511095945,
        0.33123306703461974,
        0.3313405479278287,
        0.29326720650234517,
        0.28851164553763176,
        0.2744417491754964,
        0.25876112468364004,
        0.24408163224033944,
        0.23597665621515998,
        0.2345986705705632,
        0.21114903298824073,
        0.19333841368777444,
        0.17414048578621955,
        0.15808639257270024,
        0.14070770588246773,
        0.11185973067186393,
        0.09166948285767673,
        0.06458814373375907,
        0.0361800787618859,
        0.023782773612351534,
        0.014845607467784823,
        0.010487707254927049
    ],
    "train_acc": [
        0.7675466329434082,
        0.8356781536515966,
        0.8509326588681632,
        0.8709294973126779,
        0.8744072083465064,
        0.8800189693329118,
        0.8846822636737275,
        0.8940088523553589,
        0.8972494467277901,
        0.8992254189061017,
        0.9074454631678786,
        0.9121087575086942,
        0.914084729687006,
        0.9141637685741385,
        0.92317420170724,
        0.9288650015807778,
        0.9364527347454947,
        0.9425387290546949,
        0.9485456844767626,
        0.9588207398039835,
        0.9656971229845084,
        0.976920644957319,
        0.9878280113815997,
        0.9928865001580778,
        0.995969016756244,
        0.997312677837496
    ],
    "val_loss": [
        1.0650144590950967,
        0.4369956037818053,
        0.4473709319542258,
        0.4463023134810978,
        0.37203185920910187,
        0.43054386323106775,
        0.6928095345140515,
        0.45611400638025545,
        0.36880280241749336,
        0.2922576820289712,
        0.2574265432086649,
        0.32299927880006657,
        0.2583958503022595,
        0.28575454574184594,
        0.30871138659089736,
        0.3152454287480095,
        0.254991614862231,
        0.261295351142361,
        0.22562139997734137,
        0.26863371523322627,
        0.2453079632754131,
        0.3022415055861049,
        0.3294748279611446,
        0.31065711670008733,
        0.3403213619151847,
        0.3457764874577936
    ],
    "val_acc": [
        0.7972243639167309,
        0.8558211256746338,
        0.8396299151888974,
        0.8361603700848111,
        0.8592906707787201,
        0.8457979953739398,
        0.7787201233616037,
        0.8515805705474171,
        0.8654587509637626,
        0.8955281418658443,
        0.9032382420971473,
        0.882035466461064,
        0.9063222821896685,
        0.8951426368542791,
        0.8808789514263685,
        0.8866615265998458,
        0.9097918272937549,
        0.9144178874325366,
        0.9171164225134927,
        0.9182729375481882,
        0.9248265227447957,
        0.9155744024672321,
        0.9140323824209715,
        0.9209714726291441,
        0.9167309175019275,
        0.9175019275250579
    ]
}