{
    "train_loss": [
        0.3369867886916457,
        0.2352517554269908,
        0.22400167873207819,
        0.217537434011061,
        0.20635097749526277,
        0.19536293453738054,
        0.19772363667463944,
        0.19378610902156662,
        0.1896127141288973,
        0.18359485853748028
    ],
    "train_acc": [
        0.8723488133722306,
        0.9101159031774817,
        0.9170543246865883,
        0.9172908617834897,
        0.9213119924308129,
        0.9266734999605771,
        0.9265158085626429,
        0.927856185445084,
        0.9293542537254593,
        0.9332965386738153
    ],
    "val_loss": [
        0.25219827539312706,
        0.37486644131640706,
        0.27964231861970146,
        0.26229738202054514,
        0.20839400698028523,
        0.1928037312512637,
        0.21185969014680772,
        0.25099582678110965,
        0.24714980212088195,
        0.25860543086829435
    ],
    "val_acc": [
        0.9105599398722285,
        0.8759864712514093,
        0.8853814355505449,
        0.90304396843292,
        0.9327320556181886,
        0.9316046599022924,
        0.9259676813228109,
        0.9139421270199173,
        0.9214580984592259,
        0.912814731304021
    ]
}